url,image,name,price,brand,star,num_reviews
https://www.stylevana.com/en_US/purito-seoul-daily-soft-touch-sunscreen-spf50-pa-60ml28635.html,https://sv9-cdn.stylevana.com/media/catalog/product/cache/7e00eb21d3013c69d32459d0d98e2fbf/p/u/purito-seoul-daily-soft-touch-sunscreen-spf50-pa-60ml-174.jpg,Purito SEOUL - Daily Soft Touch Sunscreen SPF50+ PA++++ - 60ml,$15.49,Purito SEOUL,4.4,581
https://www.stylevana.com/en_US/skin1004-madagascar-centella-hyalu-cica-silky-fit-sun-stick-spf50-pa-20g22063.html,https://sv9-cdn.stylevana.com/media/catalog/product/cache/7e00eb21d3013c69d32459d0d98e2fbf/s/k/skin1004-madagascar-centella-hyalu-cica-silky-fit-sun-stick-spf50-pa-20g-374.jpg,SKIN1004 - Madagascar Centella Hyalu-Cica Silky-Fit Sun Stick SPF50+ PA++++ - 20g,$11.93,SKIN1004,4.4,560
https://www.stylevana.com/en_US/beauty-of-joseon-relief-sun-rice-probiotics-set-spf50-pa-50ml-227137.html,https://sv9-cdn.stylevana.com/media/catalog/product/cache/7e00eb21d3013c69d32459d0d98e2fbf/b/e/beauty-of-joseon-relief-sun-rice-probiotics-set-spf50-pa-50ml-2-697.jpg,BEAUTY OF JOSEON - Relief Sun : Rice + Probiotics Set SPF50+ PA++++ - 50ml*2,$35.15,BEAUTY OF JOSEON,4.5,906
https://www.stylevana.com/en_US/rohto-mentholatum-skin-aqua-uv-super-moisture-gel-hydrating-sunscreen-spf50-pa-110g.html,https://sv9-cdn.stylevana.com/media/catalog/product/cache/7e00eb21d3013c69d32459d0d98e2fbf/r/o/rohto-mentholatum-skin-aqua-uv-super-moisture-gel-hydrating-sunscreen-spf50-pa-110g-white-691.jpg,Rohto Mentholatum  - Skin Aqua UV Super Moisture Gel Hydrating Sunscreen SPF50+/PA++++ - 110g,$14.79,Rohto Mentholatum,4.5,130
https://www.stylevana.com/en_US/isntree-hyaluronic-acid-watery-sun-gel-spf50-pa-50ml-2ea27722.html,https://sv9-cdn.stylevana.com/media/catalog/product/cache/7e00eb21d3013c69d32459d0d98e2fbf/i/s/isntree-hyaluronic-acid-watery-sun-gel-spf50-pa-50ml-2ea-846.jpg,Isntree - Hyaluronic Acid Watery Sun Gel SPF50+ PA++++ - 50ml*2ea,$33.94,Isntree,4.4,94
https://www.stylevana.com/en_US/kao-biore-uv-aqua-rich-watery-essence-spf50-pa-70g27914.html,https://sv9-cdn.stylevana.com/media/catalog/product/cache/7e00eb21d3013c69d32459d0d98e2fbf/k/a/kao-biore-uv-aqua-rich-watery-essence-spf50-pa-70g-22.jpg,Kao - Biore UV Aqua Rich Watery Essence SPF50+ PA++++ - 70g,$15.19,Kao,4.1,61
https://www.stylevana.com/en_US/round-lab-birch-juice-moisturizing-sun-cream-spf50-pa-50ml28716.html,https://sv9-cdn.stylevana.com/media/catalog/product/cache/7e00eb21d3013c69d32459d0d98e2fbf/r/o/round-lab-birch-juice-moisturizing-sun-cream-50ml-453.jpg,Round Lab - Birch Juice Moisturizing Sun Cream SPF50+ PA++++ - 50ml,$19.60,Round Lab,4.5,283
https://www.stylevana.com/en_US/haruharu-wonder-black-rice-pure-mineral-relief-daily-sunscreen-spf50-pa-50ml27607.html,https://sv9-cdn.stylevana.com/media/catalog/product/cache/7e00eb21d3013c69d32459d0d98e2fbf/h/a/haruharu-wonder-black-rice-pure-mineral-relief-daily-sunscreen-spf50-pa-50ml-673.jpg,haruharu wonder - Black Rice Pure Mineral Relief Daily Sunscreen SPF50+ PA++++ - 50ml,$13.20,haruharu wonder,4.0,53
https://www.stylevana.com/en_US/haruharu-wonder-black-rice-moisture-airyfit-daily-sunscreen-spf50-pa-50ml27606.html,https://sv9-cdn.stylevana.com/media/catalog/product/cache/7e00eb21d3013c69d32459d0d98e2fbf/h/a/haruharu-wonder-black-rice-moisture-airyfit-daily-sunscreen-spf50-pa-50ml-326.jpg,haruharu wonder - Black Rice Moisture Airyfit Daily Sunscreen SPF50+ PA++++ - 50ml,$12.99,haruharu wonder,4.4,618
https://www.stylevana.com/en_US/skin1004-madagascar-centella-hyalu-cica-water-fit-sun-serum-spf50-pa-50ml28868.html,https://sv9-cdn.stylevana.com/media/catalog/product/cache/7e00eb21d3013c69d32459d0d98e2fbf/s/k/skin1004-madagascar-centella-hyalu-cica-water-fit-sun-serum-spf50-pa-50ml-149.jpg,SKIN1004 - Madagascar Centella Hyalu-Cica Water-Fit Sun Serum SPF50 PA++++ - 50ml,$13.02,SKIN1004,4.6,2408
https://www.stylevana.com/en_US/beauty-of-joseon-relief-sun-aqua-fresh-rice-b5-spf50-pa-50ml27125.html,https://sv9-cdn.stylevana.com/media/catalog/product/cache/7e00eb21d3013c69d32459d0d98e2fbf/b/e/beauty-of-joseon-relief-sun-aqua-fresh-rice-b5-spf50-pa-50ml-394.jpg,BEAUTY OF JOSEON - Relief Sun Aqua-fresh Rice + B5 SPF50+ PA++++ - 50ml,$17.58,BEAUTY OF JOSEON,4.3,548
https://www.stylevana.com/en_US/beauty-of-joseon-relief-sun-rice-probiotic-spf50-pa.html,https://sv9-cdn.stylevana.com/media/catalog/product/cache/7e00eb21d3013c69d32459d0d98e2fbf/b/e/beauty-of-joseon-relief-sun-rice-probiotic-50ml-318.jpg,BEAUTY OF JOSEON - Relief Sun : Rice + Probiotic SPF50+ PA++++,$17.58,BEAUTY OF JOSEON,4.4,1459
